Student_ID,10th_Percentage,12th_Percentage,CGPA,Entrance_Score,Interview_Score,Aptitude_Score,Extracurricular_Score,Attendance,Previous_Backlogs,Eligible
STU_1000,87.52,86.51,8.63,73.38,97.02,70.52,69.85,93.96,1,1
STU_1001,85.37,77.48,8.24,92.36,77.22,83.54,69.64,92.78,0,1
STU_1002,86.43,81.37,7.76,67.78,57.71,71.69,76.05,94.05,0,1
STU_1003,79.57,75.44,8.33,80.3,48.63,73.25,50.57,92.43,0,1
STU_1004,95.13,91.51,8.69,69.05,85.95,72.24,49.75,89.75,0,1
STU_1005,78.19,79.03,7.51,69.25,55.54,66.43,58.19,88.63,1,0
STU_1006,90.68,86.0,8.86,80.48,84.87,80.09,52.6,87.72,0,1
STU_1007,81.85,80.95,8.14,84.05,56.11,75.39,66.48,90.65,0,1
STU_1008,84.15,84.79,7.63,69.76,65.87,76.12,61.28,92.35,0,1
STU_1009,90.83,88.67,9.09,78.19,73.75,67.02,29.81,83.65,2,0
STU_1010,93.47,87.31,9.05,79.39,80.95,80.07,35.62,82.08,0,1
STU_1011,77.2,86.1,8.01,78.82,63.81,65.93,52.52,91.84,0,0
STU_1012,86.69,81.74,8.37,80.93,78.21,79.61,56.11,88.55,1,0
STU_1013,86.24,81.63,8.66,79.04,55.39,66.37,37.15,91.16,1,0
STU_1014,76.64,78.02,7.21,73.9,59.04,64.31,55.2,89.42,0,1
STU_1015,88.28,87.91,8.4,79.84,61.87,87.8,51.84,91.69,0,0
STU_1016,78.12,80.37,8.02,75.63,59.94,79.39,47.77,91.81,3,0
STU_1017,83.77,86.93,8.31,75.23,61.97,66.18,68.26,91.23,0,1
STU_1018,83.15,81.23,8.23,67.29,65.33,72.86,58.8,82.1,0,1
STU_1019,84.02,82.52,8.41,81.73,69.68,61.43,66.55,83.54,0,1
STU_1020,80.75,80.79,7.97,78.73,65.43,85.49,56.62,79.59,0,1
STU_1021,89.76,83.96,8.81,65.94,82.48,69.34,49.29,87.05,0,1
STU_1022,75.98,78.78,8.66,67.5,72.2,59.95,57.32,89.99,1,1
STU_1023,86.98,79.84,7.97,76.62,79.59,60.62,67.83,92.05,0,0
STU_1024,81.86,80.77,8.66,84.37,78.99,71.48,60.23,93.5,2,0
STU_1025,84.57,85.07,8.61,83.98,72.72,66.23,49.49,90.12,0,1
STU_1026,86.47,85.01,7.88,67.52,74.55,71.21,75.1,91.03,1,1
STU_1027,79.77,77.75,8.37,76.99,78.63,71.11,45.0,84.21,1,0
STU_1028,83.92,76.53,8.07,63.23,69.28,59.64,59.79,88.49,1,1
STU_1029,84.59,83.49,7.46,82.57,78.02,83.07,49.4,93.02,1,1
STU_1030,80.92,80.87,8.26,65.66,71.46,64.38,37.31,88.65,1,0
STU_1031,81.84,87.71,8.5,62.96,72.65,69.23,66.63,94.64,0,0
STU_1032,86.34,80.32,8.02,58.21,84.92,60.22,67.61,82.47,0,1
STU_1033,75.15,81.89,8.64,87.87,51.95,79.3,24.17,90.64,0,0
STU_1034,72.2,80.6,8.14,86.76,70.56,78.21,62.99,84.88,1,0
STU_1035,82.31,80.69,8.77,82.78,67.02,84.9,29.98,85.44,0,1
STU_1036,85.08,73.62,8.62,94.42,78.07,81.54,84.95,86.35,0,1
STU_1037,95.0,89.91,9.02,66.64,50.01,77.55,35.41,93.08,0,1
STU_1038,84.15,84.83,8.71,81.05,88.75,70.16,54.23,94.9,1,1
STU_1039,76.75,78.42,7.05,69.88,84.36,70.75,54.13,86.1,3,0
STU_1040,71.77,75.67,8.27,70.87,51.22,78.04,74.12,90.59,1,0
STU_1041,83.5,88.06,8.86,84.31,54.61,69.0,67.46,80.82,0,1
STU_1042,93.5,89.28,8.55,86.92,62.98,79.52,50.7,92.64,0,1
STU_1043,75.66,70.95,7.82,68.0,87.75,75.65,64.8,94.49,0,1
STU_1044,81.52,84.46,7.81,92.39,75.16,83.4,76.24,88.82,0,1
STU_1045,85.25,74.14,7.53,62.72,68.08,66.94,46.61,87.51,0,0
STU_1046,80.43,78.71,8.74,94.11,94.26,83.78,54.69,86.35,0,1
STU_1047,89.92,97.42,8.69,81.5,53.86,71.38,49.82,90.28,3,0
STU_1048,88.6,83.18,8.67,72.63,61.85,74.25,46.16,88.56,0,1
STU_1049,75.53,74.99,8.06,69.6,64.41,74.41,57.63,82.75,0,1
STU_1050,86.2,81.81,8.03,75.31,72.22,74.99,90.78,84.59,2,0
STU_1051,88.42,82.34,8.09,86.95,59.71,68.9,71.98,92.36,0,1
STU_1052,82.59,84.52,8.37,74.62,59.61,63.01,77.02,86.84,0,0
STU_1053,76.78,80.26,8.04,80.97,58.33,85.09,41.6,92.3,0,0
STU_1054,91.5,81.91,8.68,69.37,77.25,73.44,44.51,87.75,0,1
STU_1055,76.83,78.85,7.94,76.19,55.42,78.91,61.29,95.18,1,0
STU_1056,79.74,81.34,8.34,77.49,62.7,69.01,75.57,81.99,0,1
STU_1057,87.09,88.87,8.74,85.17,79.8,80.92,55.81,95.49,1,1
STU_1058,90.87,84.47,8.37,73.58,62.61,88.36,50.79,95.7,2,0
STU_1059,92.33,93.83,8.54,89.58,59.55,84.9,53.08,95.88,0,1
STU_1060,79.9,80.41,8.07,79.23,67.13,90.01,42.28,86.61,0,0
STU_1061,91.45,88.55,8.15,72.53,50.8,73.05,69.88,89.25,0,1
STU_1062,83.34,81.83,8.69,75.14,76.36,83.88,63.38,93.82,0,1
STU_1063,84.04,78.37,8.25,69.49,67.89,79.01,57.92,87.41,0,1
STU_1064,81.65,82.82,8.61,69.98,67.35,80.92,44.7,92.89,0,1
STU_1065,91.17,85.61,8.24,68.03,51.81,66.52,69.79,90.63,0,1
STU_1066,71.53,72.09,7.78,89.88,72.14,83.36,80.23,96.51,2,0
STU_1067,78.63,76.78,8.56,68.66,66.88,70.4,48.14,87.22,0,1
STU_1068,91.93,87.38,8.7,77.98,67.41,71.27,44.79,91.66,0,0
STU_1069,87.16,84.6,8.71,82.67,87.44,77.7,55.28,82.61,2,0
STU_1070,94.06,93.39,9.15,75.53,67.15,62.82,48.13,92.4,0,1
STU_1071,90.02,88.44,8.78,82.93,60.29,66.72,51.79,96.38,0,1
STU_1072,81.46,77.24,8.13,79.73,67.64,75.05,59.59,79.24,3,0
STU_1073,90.32,84.63,8.63,67.95,48.07,60.01,49.61,92.83,0,0
STU_1074,90.0,90.83,8.93,68.54,88.01,69.44,63.41,84.34,0,1
STU_1075,77.4,79.94,8.99,95.75,69.77,82.17,80.72,97.43,0,1
STU_1076,82.06,84.32,8.42,59.9,77.39,68.03,37.29,86.62,0,0
STU_1077,78.98,81.44,7.77,78.63,85.6,78.75,43.64,94.73,0,1
STU_1078,98.42,95.59,9.19,89.74,69.02,72.8,32.84,82.37,0,1
STU_1079,70.86,76.23,8.14,58.07,76.17,71.79,63.11,80.77,0,1
STU_1080,69.69,70.35,6.93,67.89,76.82,73.31,72.07,85.2,0,0
STU_1081,84.89,87.02,8.41,81.35,65.97,83.88,48.61,84.89,2,0
STU_1082,86.28,84.22,7.53,67.46,59.23,55.84,45.89,92.96,0,1
STU_1083,74.22,80.31,8.44,68.81,78.69,71.69,41.7,85.33,0,1
STU_1084,80.03,84.16,8.44,78.07,64.82,83.76,36.12,92.89,3,0
STU_1085,85.58,80.68,7.72,70.82,79.15,72.62,70.53,96.8,0,1
STU_1086,85.96,85.53,7.64,68.89,56.77,72.78,48.21,92.61,0,1
STU_1087,83.26,83.7,8.56,77.02,74.71,63.19,56.83,89.13,0,1
STU_1088,90.55,88.05,8.2,62.52,86.43,68.56,83.16,88.47,3,0
STU_1089,82.61,80.07,8.55,59.61,80.48,67.7,52.87,92.9,1,0
STU_1090,82.23,86.54,8.9,80.42,71.63,79.32,62.33,93.9,2,1
STU_1091,79.2,82.16,8.29,76.04,69.64,60.88,90.82,86.74,1,0
STU_1092,81.01,84.22,8.58,61.43,73.36,54.76,64.5,94.33,0,0
STU_1093,83.11,79.42,8.68,78.39,70.09,60.77,38.67,88.95,0,1
STU_1094,89.18,84.36,7.92,65.09,72.65,62.91,39.86,92.88,2,0
STU_1095,86.17,85.68,8.44,90.8,70.04,78.16,77.54,91.42,0,1
STU_1096,87.82,88.67,7.88,59.97,87.91,57.77,57.31,95.38,0,0
STU_1097,74.88,74.64,7.78,76.56,87.48,69.88,77.88,87.97,0,1
STU_1098,81.85,84.73,8.59,74.33,80.25,70.13,24.78,95.13,0,1
STU_1099,80.93,80.41,7.93,79.23,82.81,78.34,37.3,83.36,0,1
STU_1100,85.7,85.5,8.94,76.65,72.05,83.34,55.03,95.1,0,1
STU_1101,93.28,89.58,9.36,70.62,82.74,77.07,38.87,85.95,0,1
STU_1102,83.12,84.6,8.1,76.6,66.72,64.26,63.47,95.08,0,1
STU_1103,78.96,82.05,8.3,90.68,74.9,82.52,39.25,93.88,0,1
STU_1104,84.37,82.69,8.48,77.98,66.06,69.79,74.22,94.63,0,0
STU_1105,81.75,83.78,9.06,93.14,73.1,83.01,47.15,93.11,0,1
STU_1106,81.89,85.06,8.38,69.04,66.08,71.57,88.57,89.04,0,1
STU_1107,85.21,84.38,7.73,83.04,76.77,74.23,46.33,90.83,3,0
STU_1108,84.83,87.32,8.71,81.71,77.33,76.02,40.37,86.48,0,1
STU_1109,75.5,72.89,8.39,85.15,53.06,65.06,65.78,87.27,0,1
STU_1110,69.64,74.98,8.95,63.34,73.01,68.69,62.69,87.99,0,0
STU_1111,94.19,96.75,8.74,82.68,75.07,67.86,75.45,79.22,0,1
STU_1112,80.51,86.09,8.07,74.41,91.58,77.73,54.99,92.4,0,1
STU_1113,94.03,85.42,7.74,84.02,71.25,90.72,55.79,90.51,2,0
STU_1114,93.25,78.55,8.22,78.42,63.1,63.15,76.31,90.53,0,0
STU_1115,85.28,79.42,8.92,71.06,70.46,66.63,59.35,91.92,1,1
STU_1116,75.0,76.77,7.61,71.33,81.61,72.85,90.57,90.67,2,0
STU_1117,77.32,75.31,8.56,80.79,70.8,56.05,70.2,85.61,0,0
STU_1118,84.67,80.11,8.26,79.9,57.15,71.43,44.42,84.38,0,0
STU_1119,79.19,76.9,8.42,75.62,79.78,71.74,91.92,93.2,0,1
STU_1120,82.43,78.11,7.99,79.86,81.98,70.14,46.13,96.7,0,1
STU_1121,69.92,71.8,7.29,78.18,73.03,59.86,50.4,94.12,1,0
STU_1122,89.38,84.64,8.47,73.79,70.74,72.1,35.86,88.3,1,0
STU_1123,83.36,80.97,8.91,73.13,77.81,80.65,60.53,83.21,0,1
STU_1124,80.0,78.13,8.31,77.3,82.92,66.86,55.78,92.94,0,1
STU_1125,95.67,90.8,9.39,67.4,63.16,74.13,66.05,95.55,0,1
STU_1126,79.5,82.95,8.8,77.86,77.55,75.48,45.22,85.41,0,1
STU_1127,95.21,93.07,9.4,71.92,64.39,61.42,49.06,92.63,0,1
STU_1128,76.68,78.2,9.08,82.91,57.64,57.84,44.29,83.99,1,0
STU_1129,74.63,70.97,8.15,65.28,37.48,54.76,54.24,88.09,0,0
STU_1130,91.25,90.02,9.0,87.78,57.83,83.29,38.11,98.5,1,0
STU_1131,79.12,83.74,7.56,64.17,77.78,66.72,47.98,95.8,0,0
STU_1132,87.61,84.22,8.83,73.09,74.29,66.87,80.31,92.41,1,1
STU_1133,90.44,85.86,7.94,82.81,49.41,82.73,71.86,94.17,2,1
STU_1134,90.72,86.61,8.66,74.83,90.19,85.83,61.03,89.21,2,0
STU_1135,80.45,75.01,7.1,68.29,55.0,65.89,32.22,93.82,0,0
STU_1136,85.78,82.71,8.2,68.39,48.46,74.63,43.19,87.14,0,1
STU_1137,86.26,80.24,7.33,63.07,78.45,56.04,69.01,88.81,0,0
STU_1138,69.6,67.02,7.49,69.91,81.45,78.5,40.92,90.24,0,1
STU_1139,85.38,82.64,8.55,72.39,52.92,66.17,44.71,84.61,3,0
STU_1140,89.95,83.19,8.71,80.23,67.03,69.56,67.79,89.45,0,0
STU_1141,90.62,93.18,8.69,75.27,61.81,73.76,62.8,93.14,0,1
STU_1142,88.95,87.39,8.77,78.56,71.71,66.43,50.16,86.55,1,1
STU_1143,86.22,77.46,8.7,69.82,77.42,67.66,91.84,86.58,0,1
STU_1144,90.06,91.3,8.21,72.9,71.03,71.01,47.22,89.16,0,1
STU_1145,81.36,77.48,8.24,71.36,72.72,77.83,66.17,83.81,0,1
STU_1146,94.32,90.99,8.96,80.0,64.7,81.52,68.37,79.93,0,1
STU_1147,90.36,88.17,8.27,71.56,78.91,75.74,53.17,89.45,1,0
STU_1148,82.51,79.37,8.09,86.07,62.99,74.0,28.94,96.43,2,0
STU_1149,82.72,84.08,8.53,83.31,69.91,72.79,57.36,83.97,0,1
STU_1150,84.61,84.56,8.35,76.56,79.47,64.5,38.9,93.54,0,1
STU_1151,87.12,85.7,8.92,75.67,61.18,70.88,30.72,86.08,0,1
STU_1152,90.91,84.48,8.68,72.02,56.39,64.57,70.09,84.94,0,0
STU_1153,94.59,89.8,8.7,66.97,60.31,70.66,47.36,82.92,0,1
STU_1154,81.41,90.45,8.92,67.2,68.14,69.14,75.89,97.08,1,1
STU_1155,81.21,82.49,8.59,82.45,53.13,70.03,86.78,89.99,0,1
STU_1156,79.34,89.68,8.29,71.24,86.65,60.23,78.66,92.65,0,0
STU_1157,79.12,82.08,8.24,72.95,69.1,71.13,58.97,95.85,0,0
STU_1158,86.92,87.47,8.49,80.67,75.71,87.24,78.32,84.52,0,1
STU_1159,81.85,84.08,8.38,74.28,72.22,78.01,35.03,94.42,0,1
STU_1160,81.72,80.72,8.1,67.71,57.77,71.56,33.77,83.74,0,0
STU_1161,82.26,75.56,8.19,64.19,78.73,63.37,57.7,88.2,0,0
STU_1162,80.74,83.41,8.6,71.45,57.24,82.16,69.22,83.91,0,0
STU_1163,77.89,83.28,8.62,70.36,70.22,75.04,62.49,92.24,0,1
STU_1164,94.72,88.7,8.0,66.9,71.95,76.96,62.29,95.01,2,0
STU_1165,80.12,80.54,7.77,69.2,65.3,68.37,83.48,83.97,0,0
STU_1166,86.44,87.32,7.62,74.45,59.8,77.92,62.46,81.53,0,1
STU_1167,84.6,82.68,7.92,67.83,59.43,62.15,37.69,84.89,0,1
STU_1168,85.69,82.5,8.8,63.85,74.63,74.43,67.34,82.54,0,1
STU_1169,93.16,88.43,8.36,78.86,51.13,70.56,42.03,88.17,0,1
STU_1170,80.6,82.4,8.47,78.01,66.18,81.7,74.19,93.01,1,1
STU_1171,76.67,68.54,7.44,78.61,64.95,65.49,63.09,86.61,1,0
STU_1172,84.41,83.62,8.84,82.26,46.08,77.89,72.83,84.92,0,1
STU_1173,75.69,82.36,8.61,70.29,54.3,76.66,68.75,93.94,0,0
STU_1174,78.05,81.31,8.0,73.25,48.06,70.04,79.14,92.87,0,0
STU_1175,96.49,93.04,8.53,77.61,69.72,69.66,38.82,84.82,0,1
STU_1176,88.48,88.89,8.64,75.5,70.89,77.63,29.11,83.01,0,1
STU_1177,78.9,81.69,8.15,72.66,72.65,71.5,78.24,86.48,2,0
STU_1178,91.44,94.47,9.29,63.23,78.11,71.38,36.13,83.0,0,1
STU_1179,78.11,84.74,7.85,81.09,72.06,57.58,46.24,92.3,1,0
STU_1180,88.88,85.33,8.6,86.14,49.88,76.42,60.13,97.29,0,1
STU_1181,84.07,84.23,8.75,80.81,70.76,78.44,69.53,93.23,0,1
STU_1182,89.43,79.14,8.27,74.49,74.96,79.66,70.79,93.43,0,1
STU_1183,89.3,91.85,8.24,71.8,75.74,68.41,38.92,84.31,1,0
STU_1184,86.1,84.68,8.99,81.75,48.08,79.5,77.66,90.33,0,1
STU_1185,80.46,80.2,7.54,73.23,62.12,76.04,65.95,92.46,0,0
STU_1186,77.86,79.93,8.5,73.8,69.7,84.56,45.66,93.77,2,0
STU_1187,85.58,82.87,8.37,77.22,55.16,73.31,50.84,85.72,2,0
STU_1188,70.31,77.74,8.14,76.54,65.27,86.89,86.74,92.18,2,0
STU_1189,84.0,82.31,8.12,85.14,49.4,80.37,47.91,93.14,0,0
STU_1190,84.52,86.97,9.1,85.81,79.16,64.92,74.37,95.45,3,0
STU_1191,84.17,78.86,7.8,75.1,63.53,71.5,56.23,93.49,1,0
STU_1192,83.88,83.15,8.63,65.58,68.61,70.38,55.18,87.16,2,0
STU_1193,84.8,82.57,7.8,80.77,62.9,76.31,59.4,90.32,3,0
STU_1194,75.72,76.47,8.12,75.68,61.66,63.54,49.1,97.4,3,0
STU_1195,85.67,86.56,8.82,67.08,79.87,69.56,67.28,95.02,0,1
STU_1196,83.18,81.06,7.92,74.43,72.65,67.5,50.29,96.13,0,1
STU_1197,88.04,83.66,7.74,80.07,85.68,76.8,66.43,84.07,1,0
STU_1198,85.56,83.05,7.92,77.44,63.01,73.55,70.26,92.48,0,1
STU_1199,85.94,89.16,8.29,73.8,46.78,61.71,40.37,89.48,0,0
STU_1200,81.63,83.61,9.03,96.91,78.98,84.0,54.73,93.35,1,1
STU_1201,82.54,85.77,8.46,71.86,62.34,71.02,44.12,82.46,0,1
STU_1202,95.03,93.32,8.89,75.78,66.91,60.91,61.86,85.36,0,1
STU_1203,96.12,90.52,9.18,73.65,80.23,61.61,54.16,86.49,0,1
STU_1204,92.47,92.55,8.92,76.35,75.24,72.39,41.89,90.99,0,0
STU_1205,85.8,82.8,8.25,66.34,84.06,59.03,61.92,99.24,1,1
STU_1206,83.74,81.83,8.2,88.5,54.38,90.17,75.52,96.62,3,0
STU_1207,75.13,75.09,8.08,58.37,90.13,59.25,73.33,85.62,1,0
STU_1208,87.39,82.18,8.67,73.31,43.76,81.05,62.48,70.05,1,0
STU_1209,80.17,84.53,7.89,61.0,72.6,69.47,76.28,90.45,0,1
STU_1210,74.15,71.81,7.92,58.02,59.2,73.4,23.63,89.98,0,1
STU_1211,85.29,86.34,9.17,80.61,72.31,72.49,46.05,91.52,1,1
STU_1212,95.83,94.76,8.66,84.46,57.01,78.52,39.62,88.19,1,0
STU_1213,75.46,78.7,8.15,70.85,63.97,68.63,47.79,94.15,0,0
STU_1214,85.66,87.57,8.64,75.04,75.4,72.57,41.71,97.5,2,0
STU_1215,85.0,84.6,8.08,86.84,78.43,80.87,29.5,95.36,3,0
STU_1216,86.09,83.74,8.14,87.98,72.99,76.39,31.98,95.8,0,1
STU_1217,88.86,88.97,8.08,78.94,55.33,74.1,57.99,92.33,0,0
STU_1218,78.89,77.11,8.74,87.38,72.03,75.4,59.48,93.32,0,1
STU_1219,82.02,81.47,8.32,77.59,66.87,74.69,75.92,85.66,0,1
STU_1220,87.28,91.05,8.82,62.47,67.37,61.9,83.41,92.95,2,0
STU_1221,78.64,81.27,8.11,86.42,75.2,92.16,58.96,87.96,2,0
STU_1222,77.6,78.86,8.43,82.45,52.42,84.33,59.06,98.34,0,1
STU_1223,85.17,87.73,8.36,77.64,52.43,61.78,75.72,92.48,1,0
STU_1224,82.68,81.83,7.9,77.13,66.16,64.78,38.1,87.16,1,0
STU_1225,84.29,81.37,7.96,90.93,68.04,79.17,75.17,87.17,0,1
STU_1226,91.53,88.66,8.73,71.54,74.29,79.33,59.27,92.69,0,1
STU_1227,88.74,87.68,9.01,85.1,72.13,85.08,58.33,88.49,2,0
STU_1228,82.4,80.41,8.19,76.05,91.85,56.56,38.17,93.1,1,0
STU_1229,85.43,91.23,9.47,84.07,47.28,73.62,40.21,96.18,0,1
STU_1230,76.3,71.85,8.43,76.61,63.15,74.4,66.34,85.25,0,0
STU_1231,72.4,80.48,8.09,72.01,75.6,60.46,48.86,96.68,0,0
STU_1232,84.17,78.73,8.62,74.98,55.61,75.92,52.14,80.01,1,0
STU_1233,87.64,90.77,8.73,72.61,45.88,66.25,50.66,93.39,0,1
STU_1234,91.01,93.11,8.78,73.21,60.53,68.25,53.22,93.06,0,1
STU_1235,91.49,86.58,8.48,66.49,60.23,62.74,51.79,93.04,1,1
STU_1236,91.48,86.48,8.95,73.75,47.63,72.1,55.63,87.38,0,1
STU_1237,89.73,87.84,8.64,70.73,54.2,74.05,31.94,91.44,0,0
STU_1238,81.7,85.57,8.16,85.39,75.73,71.4,53.87,90.95,2,0
STU_1239,80.29,74.36,8.05,64.77,69.26,69.84,75.58,80.03,0,0
STU_1240,90.6,90.8,8.84,76.03,90.76,79.0,69.44,96.45,0,1
STU_1241,85.45,83.1,8.61,72.56,62.51,55.75,81.75,93.87,0,0
STU_1242,90.1,83.58,8.42,63.27,84.12,70.71,63.35,90.89,0,1
STU_1243,86.64,83.03,8.31,61.05,62.78,62.37,68.02,88.51,0,0
STU_1244,81.89,82.25,8.44,77.76,68.32,70.7,68.41,87.64,0,0
STU_1245,85.94,85.0,8.07,74.11,60.66,72.45,32.02,87.01,0,1
STU_1246,79.03,75.16,7.17,73.74,80.86,71.61,70.63,96.17,0,0
STU_1247,92.91,92.31,9.36,70.64,74.96,77.0,51.28,91.61,0,1
STU_1248,81.51,74.91,7.71,73.59,60.09,72.84,41.75,85.91,0,1
STU_1249,87.18,84.28,7.97,83.55,63.56,76.15,97.76,92.86,0,1
STU_1250,81.54,83.62,8.64,67.77,71.39,52.98,33.8,93.74,0,1
STU_1251,92.55,87.95,8.11,76.93,70.27,67.34,53.91,85.44,0,0
STU_1252,72.64,78.06,8.62,82.94,47.4,68.2,62.68,86.42,0,0
STU_1253,78.44,73.83,8.03,76.23,77.7,64.42,40.47,88.95,0,1
STU_1254,88.03,86.34,9.1,60.77,54.64,47.92,50.49,90.67,0,1
STU_1255,84.62,78.3,7.78,75.43,41.23,68.98,67.33,92.06,1,0
STU_1256,79.35,80.47,8.24,75.76,78.69,80.32,40.23,89.42,0,1
STU_1257,88.17,83.07,8.35,91.77,45.08,79.47,80.94,84.59,0,0
STU_1258,83.38,82.77,8.25,81.59,60.05,70.03,72.27,87.65,0,1
STU_1259,82.07,81.52,7.97,67.79,69.15,72.63,56.44,91.74,0,0
STU_1260,81.36,77.33,8.22,84.0,70.45,84.37,37.49,87.07,0,0
STU_1261,90.29,87.13,9.0,73.21,53.96,60.8,48.06,89.93,0,0
STU_1262,87.18,81.13,8.32,69.0,86.93,71.91,70.67,85.45,1,0
STU_1263,88.16,89.27,8.64,74.33,69.76,81.39,84.34,95.99,1,1
STU_1264,84.92,86.51,8.41,88.6,62.7,70.33,35.2,87.21,0,1
STU_1265,85.43,88.42,8.84,67.45,80.08,69.18,77.32,94.61,0,1
STU_1266,77.84,78.65,8.1,77.8,79.25,60.76,47.05,93.1,0,0
STU_1267,92.64,94.98,9.03,87.47,77.56,73.03,59.89,92.1,1,1
STU_1268,80.82,74.94,7.9,69.85,70.89,75.7,79.44,92.35,0,0
STU_1269,93.5,93.75,9.17,90.53,54.56,82.4,72.22,84.94,0,1
STU_1270,84.65,83.71,8.41,83.83,67.44,78.72,31.57,95.96,0,1
STU_1271,88.57,85.9,8.69,79.69,67.25,62.74,68.03,94.44,2,0
STU_1272,81.79,87.2,8.55,76.06,84.82,65.06,54.68,88.6,0,1
STU_1273,70.6,75.98,7.91,76.92,61.06,85.55,66.56,94.44,0,1
STU_1274,83.68,84.91,8.93,73.34,55.86,77.25,54.04,87.89,0,1
STU_1275,80.19,83.49,8.25,79.21,46.95,79.02,73.23,78.61,0,1
STU_1276,81.66,78.68,8.15,84.72,54.55,79.1,85.15,89.56,0,0
STU_1277,71.78,76.55,7.4,61.42,56.52,53.64,71.67,83.68,1,0
STU_1278,89.25,83.58,8.05,81.56,61.4,73.46,82.51,90.8,2,1
STU_1279,93.86,88.28,8.71,72.88,63.61,78.45,75.56,90.85,1,0
STU_1280,95.97,88.17,8.82,80.06,62.67,67.23,37.19,90.36,0,1
STU_1281,85.52,88.41,8.9,66.38,65.28,59.15,66.4,82.09,1,0
STU_1282,80.78,76.64,8.54,80.03,82.04,88.06,63.23,100.0,2,0
STU_1283,91.37,81.62,8.9,76.12,82.97,67.41,78.44,78.3,0,1
STU_1284,83.84,83.54,8.52,74.47,71.05,73.14,78.23,91.2,0,1
STU_1285,87.99,88.87,8.57,73.3,64.9,80.15,57.95,82.57,2,0
STU_1286,82.16,79.36,8.31,80.14,53.87,71.27,40.24,86.16,0,1
STU_1287,78.89,77.37,8.25,71.09,52.52,64.3,62.69,88.69,0,1
STU_1288,85.09,91.77,9.41,77.48,54.2,57.93,77.03,91.47,0,0
STU_1289,88.84,85.2,8.36,84.15,66.92,78.86,51.03,92.93,0,1
STU_1290,84.81,83.23,8.15,66.81,86.93,76.85,67.86,90.13,1,0
STU_1291,88.36,82.51,9.24,85.86,55.17,82.64,52.02,92.21,0,1
STU_1292,89.49,86.57,8.81,66.37,72.5,79.24,39.58,88.92,0,0
STU_1293,85.16,84.13,8.7,73.8,72.53,80.29,46.88,94.42,0,1
STU_1294,89.87,92.8,8.67,81.01,93.53,74.08,48.92,91.21,1,1
STU_1295,88.4,82.77,8.39,81.71,96.64,64.48,51.16,98.5,1,0
STU_1296,84.37,78.13,8.27,74.69,93.37,75.65,32.22,86.37,0,1
STU_1297,93.24,91.38,8.07,56.03,63.66,53.88,73.42,92.16,0,0
STU_1298,73.81,73.32,7.59,75.91,70.43,80.62,76.19,92.49,0,1
STU_1299,79.9,86.55,8.85,66.07,60.2,60.71,51.2,94.75,0,1
STU_1300,88.81,81.14,7.96,72.99,54.49,72.67,44.68,92.17,0,1
STU_1301,94.53,87.25,8.92,87.97,68.19,81.89,76.19,88.6,1,0
STU_1302,83.14,90.87,8.91,75.99,70.33,80.28,59.88,91.72,0,1
STU_1303,85.35,85.8,8.57,76.28,74.19,65.9,67.86,86.53,0,0
STU_1304,78.09,77.6,8.5,78.35,86.72,73.12,57.35,89.81,1,1
STU_1305,97.91,94.57,8.96,75.84,77.33,78.66,41.8,91.87,0,1
STU_1306,90.13,88.89,9.0,89.19,62.36,77.07,71.09,81.38,0,1
STU_1307,71.77,74.71,7.43,72.1,60.28,79.02,53.68,91.62,0,0
STU_1308,81.92,80.4,8.46,65.87,77.61,65.32,79.91,92.89,0,1
STU_1309,92.19,87.78,8.29,80.46,66.15,68.04,24.99,91.79,3,0
STU_1310,80.17,82.16,7.87,91.03,60.13,92.04,85.06,90.89,1,0
STU_1311,85.6,87.12,8.01,69.05,75.82,70.92,26.02,87.44,0,0
STU_1312,72.19,76.64,7.84,66.41,56.43,77.68,69.62,93.5,0,0
STU_1313,87.3,88.89,8.0,75.82,59.89,84.04,47.95,85.89,0,1
STU_1314,84.85,81.12,8.75,85.61,72.75,80.88,76.59,90.72,1,1
STU_1315,87.98,84.33,8.43,77.6,57.32,74.25,86.12,89.33,3,0
STU_1316,86.38,84.32,8.6,74.63,69.88,80.68,38.36,80.95,0,1
STU_1317,91.67,89.41,8.78,70.46,85.76,66.05,58.03,95.55,2,0
STU_1318,93.29,87.76,8.81,75.96,61.44,85.53,62.02,94.51,0,1
STU_1319,71.51,74.5,7.83,72.93,49.01,72.52,32.73,91.98,0,0
STU_1320,85.45,81.11,8.53,61.76,58.07,60.06,57.39,95.36,0,0
STU_1321,91.97,92.86,8.9,70.26,46.28,64.7,71.66,87.15,1,0
STU_1322,82.75,74.14,7.53,77.43,72.04,77.06,60.58,88.72,0,0
STU_1323,94.5,90.01,9.18,64.33,55.63,73.07,78.2,94.63,2,0
STU_1324,82.72,88.95,8.29,80.66,89.25,75.95,61.65,92.56,0,1
STU_1325,88.01,84.79,8.49,88.58,65.32,85.54,72.15,93.43,1,1
STU_1326,94.12,92.71,8.6,67.07,89.29,71.51,60.98,95.33,0,1
STU_1327,75.72,76.33,8.88,77.91,78.89,71.83,70.42,94.8,0,0
STU_1328,84.11,79.26,7.65,78.92,67.23,79.48,68.16,84.48,0,0
STU_1329,93.41,84.49,8.22,73.24,78.16,69.26,62.97,91.92,1,0
STU_1330,90.41,86.15,8.51,71.62,75.81,79.18,49.39,86.14,1,0
STU_1331,85.48,82.36,7.6,79.46,42.83,82.5,57.27,88.52,0,1
STU_1332,89.91,86.24,8.8,63.83,48.29,72.97,51.84,100.0,0,0
STU_1333,89.81,83.9,7.92,73.21,69.36,68.57,50.2,99.26,1,0
STU_1334,86.8,89.47,7.56,57.47,69.62,62.31,82.61,88.16,0,1
STU_1335,86.19,93.86,8.4,67.04,51.41,68.64,55.16,87.04,2,0
STU_1336,83.37,79.89,8.29,65.24,70.74,63.39,57.48,89.94,2,0
STU_1337,87.78,84.1,8.46,71.91,66.66,77.32,54.36,92.02,0,1
STU_1338,94.9,91.66,9.19,61.89,78.49,63.68,58.07,87.04,0,0
STU_1339,81.87,83.76,7.88,75.28,52.21,59.92,69.03,88.27,1,0
STU_1340,92.49,96.37,8.93,71.66,49.97,79.15,51.19,84.85,0,1
STU_1341,74.14,78.06,8.54,70.99,83.93,78.12,65.69,92.13,0,1
STU_1342,78.2,75.5,8.09,62.87,77.9,64.46,43.61,87.76,0,1
STU_1343,82.28,84.64,8.52,75.54,89.3,58.17,59.0,89.79,2,0
STU_1344,86.1,88.54,8.68,78.59,87.77,76.94,56.88,86.22,1,0
STU_1345,83.78,77.83,8.29,65.6,55.68,70.01,37.32,88.21,0,1
STU_1346,76.41,77.87,8.16,72.5,65.29,72.4,65.37,91.64,0,1
STU_1347,69.51,77.07,8.46,80.95,45.15,60.22,57.13,90.82,0,1
STU_1348,85.03,86.77,9.4,82.5,72.12,81.42,59.15,93.61,1,0
STU_1349,85.95,82.37,8.66,85.7,76.6,86.85,71.22,98.08,0,1
STU_1350,90.93,91.52,8.41,80.87,83.02,65.53,67.83,89.22,0,0
STU_1351,71.92,72.37,7.84,80.07,59.5,78.98,33.87,92.19,0,1
STU_1352,78.35,76.77,7.74,68.8,46.4,85.83,43.19,89.25,0,1
STU_1353,88.78,78.58,7.96,71.85,46.57,59.82,48.93,95.04,0,0
STU_1354,89.44,88.44,9.29,71.84,55.49,71.61,67.51,92.26,0,0
STU_1355,93.74,92.1,9.0,58.79,48.71,75.05,68.29,81.63,0,0
STU_1356,72.14,74.72,7.98,77.04,83.05,70.04,34.66,81.98,0,1
STU_1357,88.33,86.19,8.82,90.89,76.05,84.51,74.85,88.41,4,0
STU_1358,86.58,83.38,8.5,86.08,58.58,81.41,51.31,85.82,1,1
STU_1359,93.0,81.55,8.04,80.9,79.7,73.61,51.4,86.49,0,1
STU_1360,74.29,77.92,7.86,61.45,47.86,81.33,40.86,90.22,2,0
STU_1361,81.93,76.35,8.24,77.61,97.44,79.85,37.18,77.24,1,0
STU_1362,88.33,84.05,8.46,63.3,65.4,65.77,44.57,92.15,0,0
STU_1363,87.42,87.75,8.88,76.59,84.74,71.4,46.62,95.19,0,1
STU_1364,82.41,85.69,8.24,79.08,73.78,67.67,66.49,78.35,3,0
STU_1365,89.98,90.33,9.02,81.98,61.13,81.62,62.88,85.41,0,1
STU_1366,72.3,77.42,7.84,87.74,83.91,78.29,54.47,92.7,1,1
STU_1367,73.49,78.04,8.13,72.47,55.75,65.71,63.08,87.62,0,0
STU_1368,85.82,89.72,8.71,68.99,68.62,68.27,66.03,87.47,1,0
STU_1369,84.14,85.0,8.28,55.65,89.64,68.9,63.52,86.92,0,1
STU_1370,88.67,85.78,8.86,74.07,65.33,73.86,70.78,91.11,0,1
STU_1371,85.09,84.93,8.0,70.6,73.3,60.87,66.85,93.9,2,0
STU_1372,80.06,80.29,8.48,86.8,62.78,87.67,67.63,93.43,1,0
STU_1373,92.16,92.13,8.51,72.14,76.31,72.34,66.33,87.31,0,0
STU_1374,83.44,83.36,8.5,72.65,80.33,62.39,38.7,83.55,0,1
STU_1375,82.07,88.6,9.19,75.2,58.16,81.13,72.85,89.79,0,1
STU_1376,95.1,85.02,8.22,79.71,57.56,81.38,53.34,93.96,0,0
STU_1377,75.36,71.24,7.4,56.97,84.09,64.36,52.71,83.15,0,1
STU_1378,83.14,85.55,8.82,85.04,67.78,76.44,42.26,87.16,0,1
STU_1379,87.25,86.14,8.81,70.93,56.36,74.67,82.4,91.93,0,1
STU_1380,82.67,83.06,7.58,78.49,77.49,71.81,56.26,100.0,2,1
STU_1381,79.45,80.48,8.27,77.44,62.72,68.81,56.85,91.45,0,0
STU_1382,87.47,80.78,7.82,66.01,61.23,66.34,56.76,87.0,0,0
STU_1383,80.74,81.47,8.37,78.28,77.1,79.54,78.58,90.23,2,0
STU_1384,90.52,81.74,8.78,82.16,71.17,72.11,60.15,94.74,1,1
STU_1385,74.33,74.6,8.4,76.41,68.3,75.53,83.69,96.12,0,0
STU_1386,86.49,89.08,8.74,74.84,76.6,63.38,72.5,93.58,0,1
STU_1387,80.62,83.34,8.35,79.79,66.29,69.92,28.58,95.12,1,1
STU_1388,86.91,89.32,8.5,70.69,66.75,61.5,39.91,88.8,0,1
STU_1389,89.89,77.3,8.16,70.93,61.34,70.42,78.45,89.08,1,0
STU_1390,81.62,83.08,8.79,69.78,69.22,67.77,42.82,96.44,0,1
STU_1391,85.1,81.18,8.34,63.44,70.36,59.45,61.01,92.14,3,0
STU_1392,71.07,78.77,8.21,75.92,68.18,70.87,55.99,90.68,1,0
STU_1393,74.6,77.84,6.95,75.68,67.88,82.29,39.42,93.24,0,0
STU_1394,87.83,82.76,7.84,62.46,52.69,76.0,55.04,86.67,0,0
STU_1395,84.27,86.87,8.04,80.51,44.62,77.39,72.8,91.37,0,1
STU_1396,92.73,85.7,8.54,86.85,66.39,81.05,42.72,95.06,0,1
STU_1397,87.48,88.9,9.37,87.44,52.26,79.85,43.37,98.9,0,1
STU_1398,80.5,75.98,8.49,71.96,84.97,68.11,36.1,96.0,0,0
STU_1399,82.25,79.39,7.89,75.61,72.95,70.17,54.15,90.85,0,1
STU_1400,83.63,73.44,8.12,56.11,55.92,58.59,39.93,92.69,0,1
STU_1401,81.13,82.54,8.71,82.23,90.63,82.59,24.45,82.96,0,1
STU_1402,93.62,92.34,8.72,71.3,73.81,67.78,55.74,91.71,1,0
STU_1403,80.34,78.68,8.06,74.14,60.88,80.57,68.19,87.78,0,0
STU_1404,88.75,89.61,8.69,85.37,54.73,75.27,39.64,97.74,3,0
STU_1405,88.0,84.85,8.3,78.95,72.84,89.9,59.79,93.07,2,0
STU_1406,76.19,80.88,8.12,86.94,61.17,83.35,78.67,91.13,3,0
STU_1407,78.64,86.32,8.65,78.2,69.62,84.1,44.9,94.31,3,0
STU_1408,83.43,83.8,8.2,86.78,85.38,68.45,70.34,98.45,0,1
STU_1409,83.24,76.94,8.48,84.4,75.63,83.47,85.72,86.26,0,1
STU_1410,86.63,82.88,8.19,68.65,95.17,75.26,63.28,88.82,0,1
STU_1411,76.09,80.28,8.08,82.09,72.22,70.74,61.86,83.82,0,1
STU_1412,74.71,78.4,8.24,72.83,71.5,70.62,65.85,87.37,0,1
STU_1413,83.6,85.59,8.55,83.41,67.33,82.53,60.25,94.26,1,1
STU_1414,89.25,82.08,8.1,80.05,77.86,74.13,45.49,79.86,0,1
STU_1415,87.13,85.48,8.95,81.45,65.06,72.72,76.29,96.53,0,1
STU_1416,80.49,82.21,8.35,81.77,59.67,72.42,63.6,85.44,0,0
STU_1417,71.54,72.48,8.04,60.52,75.13,65.56,39.58,96.77,3,0
STU_1418,79.84,82.08,8.82,66.12,74.9,59.99,59.48,83.86,0,0
STU_1419,87.25,81.43,8.31,78.58,69.88,89.79,49.35,94.54,2,0
STU_1420,91.69,86.2,9.02,83.74,64.05,76.71,49.83,92.45,0,1
STU_1421,73.28,71.44,7.17,74.23,67.71,79.13,71.56,89.39,1,1
STU_1422,91.65,86.01,8.84,73.69,78.51,72.76,44.75,91.81,0,0
STU_1423,87.37,89.15,8.89,60.84,75.65,77.3,64.36,87.36,0,1
STU_1424,91.61,86.93,8.38,62.83,85.55,66.66,69.8,91.92,5,0
STU_1425,85.84,83.76,8.37,85.94,62.67,79.81,53.76,90.8,0,1
STU_1426,86.52,86.45,8.45,83.84,74.47,68.14,53.81,94.76,0,1
STU_1427,91.24,84.28,9.11,72.35,79.88,66.38,54.16,82.34,0,0
STU_1428,80.85,84.4,8.99,77.27,61.23,69.94,53.97,82.48,1,0
STU_1429,93.41,90.75,9.42,84.23,51.01,71.21,47.7,88.89,4,0
STU_1430,84.62,80.05,7.84,62.79,67.2,59.75,81.11,75.4,1,0
STU_1431,90.34,85.89,8.72,76.48,68.34,68.14,69.6,96.27,0,1
STU_1432,91.54,87.25,8.53,73.63,66.18,60.94,42.41,89.27,0,1
STU_1433,70.04,73.43,7.42,78.85,69.71,65.57,60.85,88.66,0,0
STU_1434,89.24,87.27,8.93,80.72,76.92,67.05,57.05,88.33,0,1
STU_1435,79.19,70.06,7.42,75.44,68.4,68.72,40.22,93.6,0,0
STU_1436,73.69,74.35,8.58,77.51,56.61,58.57,46.19,95.64,1,0
STU_1437,82.78,83.39,8.72,68.11,57.57,66.69,47.7,84.41,0,1
STU_1438,92.82,93.46,8.74,81.55,50.17,84.81,59.91,97.75,0,1
STU_1439,82.48,82.88,8.41,85.87,57.42,81.75,45.53,94.18,0,1
STU_1440,89.51,86.17,9.22,79.62,57.64,83.31,53.28,90.05,0,1
STU_1441,85.44,89.96,9.18,70.36,65.92,66.59,36.12,94.6,0,1
STU_1442,78.17,75.76,7.83,72.24,73.3,76.31,76.19,86.16,0,1
STU_1443,96.19,92.33,9.3,68.64,55.03,67.62,57.45,91.92,0,0
STU_1444,87.7,85.07,7.97,82.74,61.1,82.28,74.47,86.94,0,1
STU_1445,94.27,90.61,8.78,66.41,51.93,56.95,70.98,96.7,0,1
STU_1446,77.79,78.98,8.86,68.95,51.18,65.71,41.23,86.06,0,1
STU_1447,75.92,76.94,7.71,78.54,71.75,72.37,52.43,86.55,1,1
STU_1448,89.02,95.49,8.19,52.95,83.89,64.11,64.29,88.6,0,0
STU_1449,87.93,89.62,8.5,69.09,54.1,68.33,65.64,87.39,0,0
STU_1450,84.14,89.39,8.61,70.71,56.71,54.76,59.66,88.82,0,1
STU_1451,89.84,89.68,8.79,71.47,72.87,69.67,75.61,87.95,1,0
STU_1452,81.59,78.51,7.95,71.55,88.13,67.34,81.58,94.66,0,1
STU_1453,76.46,78.03,7.75,79.71,65.09,75.47,47.32,83.7,2,0
STU_1454,76.27,79.56,7.85,80.95,62.95,77.97,48.2,99.18,4,0
STU_1455,87.2,80.89,8.41,74.25,83.81,65.28,70.92,93.99,0,1
STU_1456,76.4,80.54,8.42,93.67,48.73,91.52,68.22,94.67,1,0
STU_1457,92.66,87.25,8.64,73.48,64.09,73.94,29.8,97.13,0,1
STU_1458,88.43,86.49,8.58,59.65,85.5,62.34,62.63,90.3,0,1
STU_1459,90.13,83.59,8.2,77.04,44.47,72.84,50.96,87.42,0,1
STU_1460,92.99,89.67,8.97,76.88,67.58,74.11,46.57,86.84,2,0
STU_1461,85.87,86.03,8.52,71.12,56.68,73.27,78.4,89.33,1,0
STU_1462,80.28,85.9,8.13,77.4,94.9,81.95,78.72,91.17,0,1
STU_1463,75.88,69.86,7.86,74.79,79.27,75.19,76.8,89.75,0,1
STU_1464,85.99,77.97,8.57,74.72,80.81,75.43,69.62,96.99,0,1
STU_1465,77.82,81.44,8.57,84.2,73.57,74.9,55.56,76.05,0,1
STU_1466,77.04,78.17,8.34,84.69,80.79,71.48,60.98,80.91,2,0
STU_1467,77.21,80.33,7.63,80.03,63.92,83.1,42.44,89.47,0,1
STU_1468,76.36,82.12,7.86,78.49,73.33,77.61,36.96,96.86,0,1
STU_1469,87.67,83.12,8.59,82.5,60.81,81.8,76.17,87.1,0,1
STU_1470,78.2,76.45,8.09,68.04,55.2,75.35,73.84,96.68,3,0
STU_1471,89.83,95.34,8.93,71.05,89.64,60.49,60.27,89.88,1,1
STU_1472,89.34,87.75,8.54,66.23,90.67,76.39,78.72,88.35,0,0
STU_1473,85.08,80.66,8.22,82.79,87.78,64.61,39.15,85.47,0,1
STU_1474,88.9,87.62,8.98,78.13,78.28,74.57,42.21,80.24,0,1
STU_1475,81.5,82.22,7.9,70.4,82.0,60.74,74.99,87.97,4,0
STU_1476,86.58,88.3,8.45,66.82,71.23,73.68,44.13,90.22,0,1
STU_1477,72.25,74.61,8.63,75.25,84.23,88.11,55.17,87.3,0,1
STU_1478,87.45,89.75,8.58,77.06,75.55,74.26,41.05,88.66,0,0
STU_1479,94.04,89.53,8.18,78.02,77.35,78.46,73.76,90.82,0,1
STU_1480,84.86,90.19,8.56,73.29,67.15,77.96,81.19,90.6,0,1
STU_1481,85.86,78.22,8.0,62.88,84.83,71.4,67.24,85.08,0,1
STU_1482,81.31,85.78,8.68,68.9,63.77,58.89,58.28,92.34,0,0
STU_1483,77.45,79.14,8.13,65.04,84.54,77.5,56.29,85.93,0,1
STU_1484,89.28,89.65,8.1,73.39,67.46,75.15,58.79,85.09,0,1
STU_1485,83.17,79.09,8.63,87.29,83.58,81.7,77.44,86.73,0,1
STU_1486,89.7,86.85,8.4,77.35,85.2,80.16,66.04,90.4,2,1
STU_1487,84.34,84.62,8.67,77.4,78.48,72.42,53.62,87.45,0,1
STU_1488,74.07,74.97,8.17,82.42,69.54,82.03,48.75,90.75,0,1
STU_1489,76.43,82.2,8.23,61.56,67.51,62.2,40.69,83.67,1,0
STU_1490,86.62,82.49,8.64,80.05,69.47,80.55,37.86,93.22,2,0
STU_1491,87.27,87.06,9.02,80.57,66.06,79.17,35.04,93.92,0,1
STU_1492,79.52,81.32,8.4,82.71,54.5,79.3,63.79,89.51,0,1
STU_1493,85.5,86.52,9.38,73.29,61.75,72.67,63.41,90.25,1,0
STU_1494,78.59,76.31,8.74,88.47,71.78,72.96,78.03,95.06,0,1
STU_1495,79.13,75.06,8.11,63.24,45.21,59.61,88.41,99.03,2,0
STU_1496,85.78,89.02,8.96,83.8,79.45,83.89,37.25,88.02,2,0
STU_1497,66.3,68.8,7.61,82.44,67.57,82.96,67.03,92.7,0,1
STU_1498,79.41,78.5,7.95,64.69,69.0,67.98,48.14,93.86,0,1
STU_1499,83.92,79.83,8.29,62.17,70.67,71.27,48.66,90.55,0,0
STU_1500,93.63,92.76,9.06,84.88,77.75,74.68,52.74,89.23,5,0
STU_1501,91.97,78.95,8.63,61.55,46.43,68.95,61.96,98.34,1,0
STU_1502,75.69,75.64,8.19,71.06,59.23,65.09,45.35,94.27,0,0
STU_1503,90.06,86.37,8.64,75.14,74.93,75.15,65.83,95.71,0,1
STU_1504,87.38,87.65,8.05,79.18,76.83,61.83,45.29,86.54,0,0
STU_1505,78.62,75.13,8.37,66.08,71.32,70.4,50.9,94.65,4,0
STU_1506,93.01,89.53,8.44,75.01,74.53,86.38,45.9,92.69,1,0
STU_1507,88.18,85.87,8.01,79.14,46.78,73.91,39.03,86.14,0,1
STU_1508,74.49,81.85,8.76,76.84,66.4,73.48,79.78,86.91,0,1
STU_1509,89.88,93.42,8.99,68.56,96.85,68.12,53.25,83.3,0,1
STU_1510,88.51,84.66,8.32,78.69,70.58,72.76,96.26,85.09,2,0
STU_1511,91.29,92.62,8.14,77.86,70.77,69.2,35.14,93.07,0,1
STU_1512,83.08,84.28,8.4,69.62,71.77,71.05,39.84,88.99,1,1
STU_1513,81.92,82.0,7.63,82.97,66.07,82.64,46.97,87.34,0,1
STU_1514,85.92,87.48,8.01,73.31,76.18,74.54,51.77,93.92,0,1
STU_1515,78.69,74.39,8.43,65.58,72.72,65.56,74.99,95.42,1,0
STU_1516,83.92,85.05,8.27,86.62,72.18,70.72,72.97,90.96,2,0
STU_1517,83.05,83.67,8.35,73.83,61.77,72.46,45.68,89.78,0,1
STU_1518,84.41,81.74,8.11,72.8,57.81,68.37,41.09,86.84,0,0
STU_1519,86.81,87.06,8.38,63.5,68.03,60.88,71.55,91.26,0,1
STU_1520,78.8,80.59,8.41,82.88,79.44,74.96,59.05,94.74,1,1
STU_1521,94.42,88.61,9.3,88.52,62.58,74.09,36.75,87.12,0,1
STU_1522,91.15,91.35,8.96,73.91,65.84,77.21,62.59,85.67,0,1
STU_1523,86.14,88.44,8.48,73.99,78.49,68.17,57.3,90.8,0,1
STU_1524,73.61,73.1,7.48,76.6,92.1,79.74,53.01,84.61,2,0
STU_1525,90.61,84.66,7.91,91.97,73.62,79.89,78.91,85.21,2,1
STU_1526,79.6,78.22,8.1,79.68,82.73,72.54,53.85,87.04,0,1
STU_1527,95.66,97.72,8.94,80.64,45.83,78.91,89.16,83.76,5,0
STU_1528,82.59,81.0,8.24,72.4,78.13,70.81,58.99,84.89,0,1
STU_1529,78.96,79.89,7.69,67.06,71.7,70.39,50.06,82.4,0,1
STU_1530,82.46,85.72,8.46,85.86,64.99,79.56,34.58,88.97,1,0
STU_1531,82.25,84.48,8.66,69.37,72.91,78.86,51.44,96.42,0,1
STU_1532,83.12,82.08,8.7,92.36,77.17,80.52,52.42,90.11,3,0
STU_1533,78.58,77.1,8.44,89.09,64.61,79.4,71.14,92.28,0,0
STU_1534,86.91,87.48,8.82,76.49,83.61,73.74,37.48,93.61,0,1
STU_1535,86.75,82.45,8.18,70.72,84.81,74.47,84.92,92.1,0,1
STU_1536,74.76,79.0,8.07,71.02,60.73,74.98,40.26,86.76,0,1
STU_1537,89.16,89.33,8.39,74.82,87.95,61.86,62.59,93.71,0,1
STU_1538,81.83,83.69,8.32,82.53,46.28,76.19,50.77,86.12,0,0
STU_1539,78.3,82.43,8.14,79.87,62.95,64.77,75.2,79.53,0,0
STU_1540,84.58,80.5,8.42,65.53,71.72,69.87,54.07,91.73,1,0
STU_1541,85.45,86.69,8.28,68.03,74.89,72.07,64.24,95.5,0,1
STU_1542,70.13,74.92,7.62,75.6,83.44,74.95,30.75,94.82,2,0
STU_1543,94.38,88.23,8.76,74.26,80.97,61.62,76.44,91.38,0,1
STU_1544,78.92,78.71,8.7,73.49,59.77,75.5,45.82,94.02,0,0
STU_1545,83.58,84.06,8.7,75.93,72.67,75.04,39.55,95.28,0,1
STU_1546,83.26,83.78,8.44,68.17,98.0,73.91,83.08,80.04,0,1
STU_1547,88.26,85.31,8.38,78.16,92.24,71.07,85.88,88.83,1,0
STU_1548,89.12,90.38,8.87,80.1,66.49,85.78,69.25,85.08,4,0
STU_1549,86.52,84.19,8.19,73.46,66.34,60.88,33.79,91.25,0,1
STU_1550,68.74,66.23,7.78,77.6,52.57,78.64,49.9,80.02,0,0
STU_1551,74.27,70.97,7.95,69.59,69.5,66.0,29.6,82.66,0,0
STU_1552,87.46,89.25,8.88,93.2,74.31,83.84,52.28,91.71,5,0
STU_1553,83.35,81.77,8.57,88.47,73.37,63.28,63.81,91.71,1,0
STU_1554,85.02,85.45,8.61,75.54,76.03,70.87,74.9,87.14,0,1
STU_1555,87.21,84.91,8.65,73.18,84.72,62.63,58.28,94.32,0,1
STU_1556,88.02,87.26,8.32,72.24,60.98,60.45,45.82,86.2,0,1
STU_1557,89.8,87.59,8.12,69.67,74.19,82.84,53.08,94.55,1,0
STU_1558,83.03,81.46,7.04,75.38,80.68,79.65,58.5,88.2,2,0
STU_1559,82.88,78.94,7.76,73.86,65.35,67.44,76.6,94.5,3,0
STU_1560,82.48,91.52,9.14,73.31,65.37,61.65,57.09,90.03,0,0
STU_1561,85.8,84.83,8.23,82.23,60.19,75.7,59.25,79.18,1,1
STU_1562,89.38,85.62,7.97,76.34,61.34,71.84,75.21,92.5,0,1
STU_1563,86.75,87.81,8.24,72.5,59.5,77.54,63.97,94.3,0,1
STU_1564,94.15,91.47,8.81,78.21,71.62,78.85,52.71,89.94,0,1
STU_1565,82.01,79.43,8.33,83.77,69.68,84.04,60.03,81.16,1,1
STU_1566,95.05,88.1,8.13,64.65,62.62,68.7,62.34,92.71,0,1
STU_1567,76.4,77.38,7.87,85.86,69.95,72.86,62.04,93.06,0,1
STU_1568,80.33,82.83,7.89,71.66,56.2,65.57,65.57,90.84,1,0
STU_1569,71.06,72.6,7.93,73.95,75.51,67.87,70.08,87.81,3,0
STU_1570,77.39,85.14,8.24,63.86,69.77,68.34,62.02,95.77,0,1
STU_1571,88.48,89.23,8.51,84.85,72.34,72.9,48.37,93.14,1,1
STU_1572,83.94,83.04,8.3,89.81,74.6,86.63,35.75,92.11,1,0
STU_1573,89.15,87.56,8.79,85.01,72.0,85.8,61.4,95.61,0,1
STU_1574,84.48,81.06,8.69,86.16,80.25,70.62,46.4,86.75,0,1
STU_1575,74.47,76.44,8.57,77.73,70.79,73.88,69.18,97.92,3,0
STU_1576,82.59,86.27,8.75,72.71,54.07,63.27,46.84,96.11,3,0
STU_1577,92.01,90.66,8.69,70.75,49.12,60.97,51.49,91.16,0,1
STU_1578,84.17,83.79,8.46,83.73,65.55,76.71,64.93,82.73,0,1
STU_1579,84.84,81.94,8.43,72.84,80.61,63.49,32.65,88.81,2,0
STU_1580,86.97,84.31,9.37,74.57,54.84,68.54,49.19,92.77,1,0
STU_1581,72.49,82.72,8.13,73.88,48.75,72.6,54.59,89.66,0,1
STU_1582,81.96,81.06,7.24,65.83,70.09,62.7,60.68,95.04,0,1
STU_1583,84.13,79.81,7.88,71.22,76.76,76.68,70.54,84.82,4,0
STU_1584,80.73,79.08,8.39,67.71,76.81,71.62,70.95,83.89,0,1
STU_1585,81.41,77.99,8.34,81.64,72.69,76.76,40.3,95.93,0,1
STU_1586,90.11,82.87,8.15,75.67,45.23,69.79,67.27,94.63,0,1
STU_1587,74.57,77.37,7.7,70.67,65.21,72.52,45.87,92.8,0,0
STU_1588,92.75,95.28,8.61,78.97,56.05,75.64,48.67,92.08,0,1
STU_1589,92.56,87.4,8.11,82.84,67.58,77.46,34.99,93.8,0,1
STU_1590,91.09,97.05,9.63,91.99,59.99,73.82,60.14,91.91,0,1
STU_1591,69.99,70.08,7.38,80.04,65.21,73.86,74.27,90.15,1,0
STU_1592,79.89,80.84,8.26,76.21,71.81,74.19,69.38,88.45,0,1
STU_1593,90.69,92.12,8.35,76.87,76.99,78.47,64.81,91.84,0,1
STU_1594,89.85,90.34,8.32,67.62,83.21,60.5,52.95,87.01,0,1
STU_1595,88.67,88.1,8.08,77.88,72.2,79.41,45.13,88.49,0,1
STU_1596,81.82,81.46,8.26,75.78,73.38,68.17,50.89,79.68,0,1
STU_1597,83.71,85.28,7.99,75.55,68.85,81.6,75.62,92.17,1,0
STU_1598,84.22,81.83,9.05,81.7,71.86,67.91,57.5,90.41,0,1
STU_1599,76.69,81.46,8.23,72.49,63.5,70.08,63.94,88.81,0,0
STU_1600,85.28,87.08,8.54,79.19,78.61,65.88,64.21,88.54,2,0
STU_1601,84.2,82.47,8.7,90.27,64.8,70.98,77.35,90.64,0,1
STU_1602,82.88,80.29,8.41,75.95,83.58,73.0,38.25,88.24,0,1
STU_1603,93.45,89.78,8.85,77.85,59.49,67.32,44.87,81.29,2,0
STU_1604,83.65,78.23,7.27,60.19,75.28,60.79,52.08,85.82,2,0
STU_1605,83.15,84.25,8.39,83.55,74.06,83.39,59.74,87.11,2,0
STU_1606,86.51,87.57,7.81,66.2,45.62,70.08,57.02,94.09,0,1
STU_1607,80.58,89.16,8.67,84.16,49.74,83.04,42.22,92.13,3,0
STU_1608,89.44,85.16,8.5,87.58,56.27,81.75,26.79,86.16,1,0
STU_1609,88.73,85.82,8.67,66.81,66.34,65.7,67.41,89.18,0,1
STU_1610,91.45,89.53,8.68,69.06,51.63,64.57,49.45,87.34,0,1
STU_1611,86.72,86.69,8.72,79.58,79.59,76.22,61.37,85.68,0,1
STU_1612,95.35,93.39,8.78,80.93,69.41,88.53,22.13,88.83,0,1
STU_1613,95.23,95.22,9.11,59.42,74.87,54.3,50.97,94.89,0,1
STU_1614,86.41,84.68,8.82,67.19,69.65,56.36,51.93,93.54,0,1
STU_1615,94.51,85.8,8.43,81.46,62.07,79.47,75.07,90.09,0,1
STU_1616,85.62,78.64,7.99,83.2,81.69,69.58,45.39,85.92,0,0
STU_1617,79.32,76.62,7.71,56.32,75.81,68.12,53.92,93.8,0,1
STU_1618,75.04,76.08,7.88,89.23,88.72,85.74,68.8,94.03,0,1
STU_1619,89.75,88.69,9.02,89.56,38.39,74.01,42.6,92.49,0,0
STU_1620,88.37,80.49,8.48,87.88,83.59,80.41,78.56,91.58,1,0
STU_1621,91.84,83.88,8.42,79.42,44.33,74.27,29.78,89.87,0,0
STU_1622,89.58,85.18,8.54,57.88,79.84,66.01,64.04,87.58,0,0
STU_1623,74.73,76.61,8.05,75.07,73.56,64.0,67.5,90.35,0,1
STU_1624,79.45,80.92,7.52,77.57,66.47,68.82,47.65,87.24,1,0
STU_1625,88.04,86.22,8.46,59.1,74.45,77.5,75.3,90.28,0,1
STU_1626,96.23,92.22,8.89,62.82,58.76,63.45,40.97,90.61,2,0
STU_1627,96.21,89.03,7.84,77.95,76.86,83.26,62.68,93.78,0,1
STU_1628,88.0,88.84,8.58,66.8,69.41,72.36,49.86,85.15,0,1
STU_1629,83.25,85.16,9.09,86.09,57.76,79.58,42.39,92.92,0,1
STU_1630,77.14,80.71,7.51,71.86,84.99,77.2,30.99,97.4,0,0
STU_1631,83.61,83.94,8.45,77.28,74.98,83.27,88.42,93.12,0,1
STU_1632,79.77,85.49,8.02,78.25,65.04,86.2,44.68,80.34,2,0
STU_1633,94.5,83.77,8.05,73.05,72.77,69.39,40.35,90.18,0,1
STU_1634,79.73,84.87,8.16,64.04,58.66,76.61,70.89,89.92,0,0
STU_1635,81.89,78.3,8.41,81.01,69.91,76.3,64.95,89.95,1,0
STU_1636,93.63,92.76,8.91,91.99,88.48,84.68,49.72,92.13,0,1
STU_1637,73.78,75.57,8.09,77.46,65.93,64.09,71.98,89.68,0,0
STU_1638,88.9,87.25,8.64,66.9,79.86,74.95,52.98,97.55,0,1
STU_1639,81.71,80.1,8.6,75.73,48.99,72.84,76.0,94.25,0,1
STU_1640,87.25,84.29,8.39,80.11,57.1,73.3,34.27,92.83,0,0
STU_1641,92.91,86.51,8.24,81.42,55.6,84.41,59.37,84.57,0,1
STU_1642,81.03,74.87,6.66,77.58,86.11,75.49,40.85,85.97,0,1
STU_1643,80.08,77.61,7.6,65.02,61.92,74.04,72.75,93.02,3,0
STU_1644,74.01,78.92,8.06,58.34,54.16,79.45,39.31,92.29,3,0
STU_1645,89.8,84.87,9.28,76.36,77.89,73.43,22.83,89.86,0,1
STU_1646,78.86,76.53,7.91,72.16,56.12,74.3,49.38,95.93,0,0
STU_1647,94.26,89.01,9.1,80.31,73.4,64.38,82.58,92.6,0,1
STU_1648,81.75,82.89,8.0,82.49,66.02,69.17,61.22,91.51,0,1
STU_1649,88.12,89.42,8.45,73.03,78.61,74.29,73.36,86.84,1,1
STU_1650,73.5,73.09,7.52,69.79,55.16,74.51,35.73,93.28,0,1
STU_1651,85.11,80.44,8.56,73.19,41.16,76.11,68.49,89.31,2,0
STU_1652,89.37,86.4,8.99,78.79,78.34,63.89,52.85,82.62,0,1
STU_1653,82.29,77.34,7.96,85.61,70.99,80.38,46.58,85.57,0,1
STU_1654,81.0,81.07,9.14,72.72,80.68,81.02,76.84,92.24,0,1
STU_1655,82.93,78.41,8.0,69.64,66.84,66.15,68.65,86.84,1,0
STU_1656,79.89,82.34,7.82,80.43,80.47,74.44,77.03,85.42,3,0
STU_1657,86.52,85.38,8.09,70.72,84.23,74.07,53.69,91.52,0,1
STU_1658,85.23,83.31,8.58,74.98,67.11,63.43,81.32,81.32,0,1
STU_1659,67.46,70.86,7.08,75.25,83.15,69.59,66.0,92.07,3,0
STU_1660,88.23,89.41,9.18,82.74,79.44,65.82,43.89,93.32,0,1
STU_1661,85.48,85.38,8.49,79.45,78.9,84.44,35.43,95.54,0,1
STU_1662,87.75,87.4,8.77,80.88,63.77,82.81,66.72,96.19,0,0
STU_1663,82.47,81.64,7.69,75.25,59.87,76.72,46.89,88.02,0,1
STU_1664,89.25,86.36,8.43,84.13,70.37,75.24,46.12,87.7,0,1
STU_1665,73.3,72.43,7.67,69.33,61.53,83.84,78.76,94.18,0,0
STU_1666,92.79,84.91,8.65,86.69,84.61,70.18,38.3,86.66,0,1
STU_1667,87.54,87.26,8.51,71.35,66.67,66.99,69.75,94.76,0,1
STU_1668,81.48,84.36,7.66,71.17,82.73,79.61,53.24,89.16,0,1
STU_1669,81.55,87.19,8.28,68.77,64.9,69.96,47.96,89.19,0,1
STU_1670,86.5,81.86,8.46,69.02,60.75,64.55,61.45,93.89,1,0
STU_1671,89.45,89.48,8.72,82.95,81.45,82.77,72.44,90.97,3,0
STU_1672,82.26,79.13,7.73,61.07,69.23,71.4,29.14,81.75,0,0
STU_1673,92.6,88.95,8.32,66.73,74.7,73.27,37.47,84.58,0,1
STU_1674,85.33,88.68,8.74,93.53,86.2,82.42,63.81,91.0,0,1
STU_1675,84.26,81.86,8.24,70.51,63.29,64.32,52.46,94.26,0,0
STU_1676,73.53,75.11,7.44,70.26,62.05,62.13,28.81,87.43,2,0
STU_1677,93.16,88.96,8.6,73.6,74.04,73.22,58.81,75.99,0,1
STU_1678,85.94,81.96,7.85,66.02,68.66,68.07,57.6,90.91,0,1
STU_1679,85.13,83.06,8.41,60.21,94.06,57.08,48.41,97.06,0,0
STU_1680,82.62,82.81,8.85,58.14,93.49,65.51,34.34,88.95,0,1
STU_1681,74.05,72.21,7.88,78.99,68.18,80.32,65.74,90.74,0,0
STU_1682,90.33,77.52,7.43,66.98,49.65,62.2,53.47,96.41,1,0
STU_1683,85.85,81.5,7.93,59.18,58.12,67.41,43.01,86.86,3,0
STU_1684,79.53,82.79,8.45,76.83,91.08,76.36,71.18,93.52,0,1
STU_1685,84.07,83.16,8.34,88.78,74.2,92.54,54.15,94.11,0,1
STU_1686,81.1,77.38,7.38,62.47,85.66,65.0,54.03,94.5,0,0
STU_1687,85.92,83.74,8.5,81.17,55.51,71.35,73.96,92.51,0,1
STU_1688,88.81,83.3,8.82,90.04,62.85,81.34,73.38,93.76,0,1
STU_1689,80.88,79.27,7.85,66.12,54.69,72.61,65.3,92.43,1,0
STU_1690,84.21,86.22,8.09,68.62,55.63,70.71,29.07,98.66,0,0
STU_1691,92.88,89.49,8.39,73.7,47.47,80.35,64.46,92.03,0,0
STU_1692,81.25,76.59,7.32,66.81,57.21,58.73,88.76,83.31,0,1
STU_1693,76.92,74.85,7.65,67.55,79.47,61.92,65.16,93.14,0,1
STU_1694,82.04,87.36,8.66,80.02,67.69,72.8,69.11,89.0,1,1
STU_1695,74.09,80.27,7.69,72.59,70.71,79.76,45.45,88.51,0,1
STU_1696,93.77,97.91,9.42,81.74,95.29,68.8,49.33,97.01,1,1
STU_1697,77.31,75.33,7.75,62.96,73.47,56.72,38.81,85.86,0,0
STU_1698,94.83,98.19,9.3,70.57,43.25,70.94,63.22,80.98,0,0
STU_1699,74.42,76.77,7.31,90.16,72.37,95.12,63.15,97.1,0,1
STU_1700,85.46,82.52,8.44,66.61,88.14,61.42,46.15,84.21,0,1
STU_1701,85.98,85.59,9.39,86.72,51.81,73.79,52.37,94.45,0,1
STU_1702,87.27,86.07,8.63,73.27,65.42,78.57,64.38,75.92,0,1
STU_1703,88.11,87.61,8.02,82.53,59.37,76.03,63.05,86.36,0,1
STU_1704,83.73,77.7,7.56,74.76,66.55,78.34,49.06,92.93,0,0
STU_1705,82.45,78.63,7.61,75.17,84.21,68.39,27.74,86.85,0,0
STU_1706,89.04,88.92,8.98,82.23,77.46,85.88,54.14,78.75,1,1
STU_1707,88.03,83.49,8.85,78.04,71.97,78.08,54.56,86.55,3,0
STU_1708,83.16,83.55,8.03,76.53,79.3,73.19,76.61,89.2,0,1
STU_1709,91.46,84.3,8.27,80.62,64.0,75.62,33.17,92.03,2,0
STU_1710,84.97,84.96,7.91,82.64,88.87,82.41,83.03,98.29,2,0
STU_1711,83.63,79.0,8.41,82.54,67.35,73.3,78.11,83.62,0,1
STU_1712,89.8,88.78,8.94,79.06,39.7,70.41,54.97,85.63,0,1
STU_1713,90.14,87.7,9.15,80.2,75.92,73.25,49.24,92.15,0,1
STU_1714,82.16,78.62,7.97,54.92,68.88,62.63,63.7,88.47,0,1
STU_1715,77.98,81.96,8.46,65.42,67.91,68.96,71.44,86.64,0,1
STU_1716,88.99,81.0,8.2,76.63,75.77,65.63,29.04,89.52,0,1
STU_1717,70.29,72.05,8.12,80.47,64.59,90.99,62.1,91.18,0,1
STU_1718,79.65,73.62,7.39,62.63,83.61,76.0,40.38,94.2,1,1
STU_1719,83.54,80.09,7.86,73.0,60.43,74.53,59.35,91.87,0,1
STU_1720,89.14,89.59,8.99,79.87,77.36,59.05,57.34,93.05,1,1
STU_1721,83.97,84.24,8.69,57.65,51.84,54.38,77.75,87.29,2,0
STU_1722,95.55,86.1,8.53,79.05,66.44,79.64,45.88,91.49,1,1
STU_1723,76.44,72.98,7.92,65.31,71.01,72.46,43.07,93.27,0,1
STU_1724,77.69,74.81,7.73,78.08,85.64,60.37,48.79,85.62,0,1
STU_1725,79.93,76.48,8.1,60.94,52.07,63.31,71.97,82.9,0,0
STU_1726,81.73,82.49,8.11,65.64,58.19,70.5,74.76,93.46,3,0
STU_1727,84.4,84.46,8.48,79.24,48.49,66.13,32.93,94.32,1,0
STU_1728,96.77,95.38,8.83,67.16,63.41,73.86,70.14,92.18,0,1
STU_1729,80.93,81.54,8.23,74.82,97.37,65.91,37.52,88.7,0,1
STU_1730,71.42,69.36,7.73,75.81,80.99,73.35,55.46,92.26,1,0
STU_1731,83.35,84.73,8.11,74.61,61.65,79.1,61.03,94.78,1,0
STU_1732,81.5,81.87,8.25,70.9,61.23,74.12,64.56,90.37,3,0
STU_1733,92.8,92.48,9.23,67.05,91.7,58.19,48.14,84.73,0,1
STU_1734,83.53,81.55,7.98,57.98,80.15,59.59,54.79,93.16,0,1
STU_1735,78.75,76.89,7.84,71.84,71.75,71.63,38.78,91.41,0,1
STU_1736,77.33,77.06,8.5,70.54,50.98,67.15,42.19,90.26,3,0
STU_1737,86.21,84.13,8.66,68.64,67.64,70.14,35.27,87.73,0,1
STU_1738,83.46,80.49,7.73,67.33,55.9,61.14,41.97,90.89,0,0
STU_1739,85.37,84.15,7.78,64.72,65.91,63.01,55.29,94.62,0,0
STU_1740,77.56,80.5,8.22,73.47,48.16,67.79,59.46,86.64,2,0
STU_1741,85.39,81.28,8.87,86.74,50.39,75.1,63.38,87.9,0,1
STU_1742,91.66,89.08,8.45,64.8,58.84,64.87,76.64,90.88,0,0
STU_1743,71.98,79.42,7.73,74.31,79.78,72.59,50.49,92.09,1,0
STU_1744,76.8,78.68,8.25,79.64,71.33,76.26,76.22,88.12,1,0
STU_1745,82.43,83.1,8.22,61.76,73.93,66.7,58.15,90.59,0,0
STU_1746,91.85,85.61,8.26,73.15,64.15,78.83,59.81,89.66,1,0
STU_1747,93.57,93.03,8.73,79.39,81.81,77.35,44.53,86.87,0,1
STU_1748,78.2,79.95,7.98,73.23,60.58,76.94,49.3,94.48,3,0
STU_1749,92.93,89.48,9.08,66.64,43.76,71.87,47.94,84.85,3,0
STU_1750,93.99,89.32,8.92,85.34,84.53,66.29,84.35,87.91,0,1
STU_1751,88.95,88.75,8.04,75.47,72.11,76.49,74.55,91.85,3,0
STU_1752,84.44,82.84,8.2,54.61,63.58,73.06,58.6,95.65,0,1
STU_1753,84.43,81.95,8.75,83.29,57.74,76.6,50.31,91.88,1,0
STU_1754,81.83,81.69,8.43,80.15,65.47,81.02,48.46,88.8,0,1
STU_1755,78.34,85.54,8.56,75.24,78.08,65.74,49.49,93.33,0,1
STU_1756,80.11,81.46,7.74,68.39,93.57,65.7,61.89,91.84,2,0
STU_1757,80.37,87.46,8.62,81.74,75.05,75.95,56.8,81.89,2,0
STU_1758,80.02,81.51,8.7,95.33,73.46,86.68,48.17,91.94,0,1
STU_1759,74.5,76.05,6.9,64.66,57.98,64.53,75.84,87.52,0,0
STU_1760,93.6,88.41,9.19,78.45,39.25,85.19,46.67,87.53,0,1
STU_1761,82.84,89.87,8.31,66.73,84.23,57.61,47.99,78.99,2,0
STU_1762,78.07,85.22,7.76,85.4,64.37,79.89,70.53,91.65,0,1
STU_1763,71.85,71.11,7.46,72.97,79.85,73.35,77.04,96.98,0,1
STU_1764,89.19,78.92,8.28,67.32,56.98,76.45,64.89,91.44,1,0
STU_1765,79.37,81.7,7.97,71.31,76.54,68.14,51.89,98.45,3,0
STU_1766,83.13,74.31,8.31,62.38,60.82,55.74,68.14,86.17,0,1
STU_1767,77.74,81.01,8.73,85.54,59.72,87.45,52.39,91.28,1,1
STU_1768,87.73,85.18,8.03,80.81,65.37,83.67,48.74,96.02,0,0
STU_1769,85.69,83.33,8.7,71.41,76.9,77.15,30.87,93.42,0,1
STU_1770,69.68,76.18,8.5,79.51,68.07,71.71,48.31,85.08,1,0
STU_1771,90.27,90.3,8.64,73.38,66.4,76.84,36.89,91.93,1,0
STU_1772,89.91,87.18,8.12,75.09,64.49,67.89,64.8,91.4,0,0
STU_1773,83.83,86.0,8.93,70.79,86.58,73.76,76.12,98.0,0,1
STU_1774,79.67,80.03,7.8,66.33,74.82,66.69,49.99,85.44,1,0
STU_1775,90.39,88.71,9.41,81.58,52.38,73.39,60.45,90.12,0,1
STU_1776,85.35,84.88,8.09,73.8,65.15,71.25,69.77,86.86,0,0
STU_1777,82.73,75.14,8.56,67.55,75.53,64.51,82.55,89.43,0,1
STU_1778,78.99,83.22,8.71,85.24,79.08,81.53,52.19,90.5,0,1
STU_1779,84.29,88.62,8.38,83.42,85.49,81.33,71.88,94.55,0,1
STU_1780,92.73,85.93,8.17,69.93,77.47,68.83,45.91,85.09,0,1
STU_1781,85.3,88.23,8.12,74.9,66.39,71.49,24.9,96.74,0,1
STU_1782,74.91,77.02,8.38,85.26,52.78,75.92,58.6,93.19,0,0
STU_1783,82.69,78.97,8.45,81.36,82.98,79.03,66.46,89.37,0,1
STU_1784,83.44,80.0,8.96,74.02,62.42,74.8,47.32,76.86,1,0
STU_1785,84.11,89.96,9.09,80.6,57.69,72.67,63.53,96.25,1,0
STU_1786,80.8,81.01,7.91,69.02,63.72,76.29,60.14,79.47,0,0
STU_1787,81.91,82.13,8.17,85.3,79.14,79.01,76.12,98.09,3,0
STU_1788,71.83,72.67,7.85,69.52,55.43,69.41,60.9,91.14,1,0
STU_1789,85.79,84.17,8.44,81.76,67.23,77.96,51.11,97.02,0,1
STU_1790,78.72,83.89,8.5,73.55,72.45,72.04,42.28,86.49,0,1
STU_1791,75.2,77.25,8.59,71.77,92.61,76.81,55.64,84.8,0,1
STU_1792,90.03,87.85,7.82,68.78,93.92,62.9,25.37,84.05,3,0
STU_1793,91.1,89.24,7.97,70.74,52.58,60.59,62.41,81.29,0,0
STU_1794,83.44,89.19,9.03,86.9,49.02,64.32,45.98,96.76,1,0
STU_1795,93.69,95.61,9.5,84.94,85.34,86.26,66.69,87.9,0,1
STU_1796,91.63,87.8,8.01,61.38,79.77,61.48,28.12,91.29,2,0
STU_1797,85.7,82.95,8.47,74.13,57.07,70.34,48.18,84.22,0,0
STU_1798,78.29,75.48,7.27,90.73,81.67,79.48,41.07,87.98,0,1
STU_1799,83.21,83.29,8.72,69.75,53.74,84.53,61.04,91.76,1,0
STU_1800,79.62,73.01,8.28,76.86,45.79,85.07,91.7,97.64,0,0
STU_1801,88.14,87.51,7.54,81.66,72.48,83.84,38.36,91.6,0,1
STU_1802,80.26,77.08,8.1,78.76,89.21,78.61,51.48,90.14,0,1
STU_1803,78.08,76.82,7.72,78.36,72.15,80.64,55.24,84.0,0,0
STU_1804,85.09,78.18,8.39,67.73,73.11,68.11,51.92,93.04,0,0
STU_1805,89.78,85.73,9.05,80.79,45.16,79.0,57.1,93.03,0,1
STU_1806,72.86,75.97,8.25,73.5,88.08,70.25,53.78,95.71,1,0
STU_1807,74.54,77.01,8.2,66.89,75.36,82.07,48.83,90.57,3,0
STU_1808,82.56,81.94,7.97,63.43,81.58,68.07,81.15,95.94,0,0
STU_1809,97.97,94.82,9.13,80.12,65.92,74.82,35.44,90.29,0,1
STU_1810,90.51,85.33,8.43,84.9,75.06,78.89,77.61,96.31,2,0
STU_1811,86.65,82.51,7.82,67.96,68.29,63.9,36.53,96.54,2,0
STU_1812,88.46,87.33,8.38,79.06,57.14,78.61,30.41,89.07,0,1
STU_1813,83.25,83.52,8.31,79.97,65.37,85.74,69.6,90.92,0,1
STU_1814,82.47,88.44,8.31,79.9,79.72,81.68,55.08,88.65,2,0
STU_1815,90.19,89.3,8.65,72.56,60.27,74.98,59.48,86.48,0,0
STU_1816,90.13,92.43,8.21,73.4,78.97,67.45,76.83,91.68,0,1
STU_1817,85.35,82.0,8.66,83.84,78.51,70.53,29.63,83.61,1,1
STU_1818,80.84,78.73,8.14,82.47,44.79,81.73,24.2,90.54,0,1
STU_1819,88.47,93.65,9.62,83.13,59.17,79.41,39.19,88.35,0,1
STU_1820,83.78,83.58,8.92,82.8,69.45,75.32,66.94,93.65,1,0
STU_1821,92.27,84.9,8.66,84.63,61.76,69.6,43.8,83.93,1,0
STU_1822,78.1,82.86,8.3,78.15,79.65,67.86,59.4,90.76,2,0
STU_1823,79.0,84.95,8.19,64.01,62.23,77.37,62.22,85.21,0,1
STU_1824,82.19,79.29,7.77,62.51,52.13,69.86,59.06,95.14,0,1
STU_1825,78.94,79.8,8.43,72.58,75.37,67.98,82.11,87.65,0,1
STU_1826,62.8,65.26,7.49,58.16,61.47,58.69,70.35,85.67,2,0
STU_1827,92.26,89.92,9.46,85.13,71.78,69.2,64.27,95.07,0,1
STU_1828,85.22,85.22,8.69,65.24,87.82,61.58,70.35,95.11,0,1
STU_1829,83.32,86.56,8.08,89.74,81.94,75.11,67.81,88.29,0,1
STU_1830,77.71,76.95,7.54,75.12,77.38,64.85,72.83,83.86,0,0
STU_1831,93.7,90.94,8.54,67.81,69.59,79.34,72.34,93.56,2,0
STU_1832,79.33,77.89,7.32,91.35,80.24,65.65,76.22,87.82,0,1
STU_1833,82.2,82.63,8.47,77.35,81.5,76.52,58.89,84.3,1,0
STU_1834,81.54,83.71,8.72,68.31,90.98,80.42,46.08,91.0,0,1
STU_1835,86.72,84.42,8.12,82.2,68.06,80.33,49.62,95.86,0,1
STU_1836,76.82,81.34,9.23,92.24,71.72,73.36,62.41,98.06,3,0
STU_1837,91.88,87.75,8.64,81.48,78.96,75.68,49.68,94.32,1,1
STU_1838,83.29,83.53,8.67,71.63,79.83,55.09,56.57,86.46,1,0
STU_1839,94.48,92.02,9.08,82.16,63.61,87.65,64.19,81.97,1,1
STU_1840,83.74,83.88,8.69,67.32,64.47,65.53,92.86,89.98,0,1
STU_1841,88.61,85.14,8.47,79.96,62.24,67.07,56.9,94.51,0,0
STU_1842,77.87,81.98,8.67,73.24,72.54,60.8,36.5,88.32,0,1
STU_1843,91.88,94.27,9.14,74.76,66.53,72.55,64.71,92.87,2,0
STU_1844,94.9,83.27,8.59,82.68,53.28,79.29,47.03,87.15,0,1
STU_1845,63.57,66.81,7.13,75.48,78.61,68.09,75.77,83.11,0,0
STU_1846,93.73,86.57,8.12,88.53,55.49,79.74,54.5,94.74,2,0
STU_1847,82.09,77.56,8.29,78.23,61.06,84.21,39.59,92.07,0,1
STU_1848,97.04,79.81,8.53,73.49,78.41,74.41,64.57,83.32,0,1
STU_1849,81.63,84.39,8.14,79.37,75.15,69.43,52.38,84.28,0,1
STU_1850,91.56,83.71,8.84,74.56,85.49,78.74,49.14,85.78,2,0
STU_1851,87.58,82.33,7.86,70.34,71.77,68.24,60.84,96.0,3,0
STU_1852,79.3,76.89,8.1,63.74,85.96,84.24,71.87,96.35,0,0
STU_1853,91.58,88.41,8.62,87.28,66.8,79.3,68.91,82.81,0,1
STU_1854,71.93,73.28,8.26,75.86,77.15,68.98,77.63,92.3,0,0
STU_1855,88.93,90.55,8.89,74.01,73.96,60.53,98.0,83.09,0,1
STU_1856,83.81,89.01,7.88,70.49,83.06,66.32,31.67,88.72,0,1
STU_1857,91.8,91.71,8.52,61.69,78.96,65.39,60.93,95.42,0,1
STU_1858,84.89,79.14,7.88,69.38,78.48,73.04,37.57,81.18,2,0
STU_1859,86.37,85.19,8.64,70.63,79.93,81.3,43.12,93.55,0,0
STU_1860,86.56,83.3,8.56,85.75,73.63,81.58,47.69,87.41,1,0
STU_1861,80.49,81.78,8.38,56.67,66.49,72.14,74.34,90.61,0,0
STU_1862,86.54,85.68,9.02,71.82,60.57,69.49,67.3,91.14,0,1
STU_1863,95.36,96.14,9.38,73.43,73.96,75.78,51.77,85.93,0,1
STU_1864,86.03,84.49,8.79,66.92,75.71,64.14,50.45,83.04,1,0
STU_1865,80.78,80.46,8.35,71.79,76.62,78.29,63.85,92.45,1,1
STU_1866,90.69,84.49,8.47,65.26,60.59,51.43,60.17,91.2,0,0
STU_1867,79.44,83.48,7.92,68.75,79.34,68.46,34.88,95.16,0,0
STU_1868,94.17,92.54,8.51,67.65,80.74,80.05,55.97,87.48,2,1
STU_1869,92.74,89.78,9.01,86.41,77.35,69.72,46.26,97.46,1,1
STU_1870,81.38,81.75,7.83,55.96,43.78,60.18,59.24,90.38,1,0
STU_1871,80.01,77.48,8.33,81.87,64.46,71.62,68.91,81.62,0,0
STU_1872,87.95,82.21,8.72,67.36,62.93,78.95,72.9,85.13,1,1
STU_1873,94.12,92.26,8.71,81.13,63.84,71.23,45.78,92.09,0,1
STU_1874,89.7,86.49,8.01,82.85,59.39,69.78,65.9,87.15,0,1
STU_1875,84.52,82.85,7.88,88.41,62.37,82.69,55.15,90.7,0,1
STU_1876,83.98,83.47,8.08,76.2,87.27,64.0,28.99,89.77,0,1
STU_1877,84.4,83.78,8.25,67.91,74.24,57.74,33.25,89.53,0,1
STU_1878,86.79,82.77,8.59,72.66,67.83,73.84,72.23,90.52,0,1
STU_1879,82.46,80.41,8.24,79.66,52.32,75.69,47.22,96.53,0,1
STU_1880,97.01,87.91,8.66,87.83,64.72,74.43,46.8,86.68,1,0
STU_1881,90.74,88.76,7.93,71.07,75.04,77.81,26.63,92.95,3,0
STU_1882,88.78,87.57,8.46,62.73,59.26,55.68,54.6,92.33,0,0
STU_1883,92.46,84.53,8.06,81.45,58.49,81.06,52.59,93.69,0,1
STU_1884,76.66,78.79,8.24,75.78,48.86,75.17,43.57,81.3,0,1
STU_1885,91.06,86.03,8.64,68.52,53.02,62.69,74.23,95.8,0,0
STU_1886,92.49,87.84,8.62,77.89,65.96,67.17,46.47,90.45,0,1
STU_1887,75.63,82.35,8.52,76.34,64.99,61.49,37.65,98.46,0,1
STU_1888,92.37,88.95,8.63,69.58,84.06,70.43,45.75,94.39,0,1
STU_1889,90.65,89.55,9.06,80.02,43.48,66.07,70.91,88.42,1,0
STU_1890,83.46,81.21,8.18,70.0,85.83,61.48,42.27,92.59,5,0
STU_1891,80.18,85.67,8.64,78.62,59.4,82.95,48.55,83.82,1,0
STU_1892,77.82,77.62,8.19,82.99,79.8,82.86,65.08,93.5,0,1
STU_1893,73.98,75.94,8.14,88.45,67.78,89.4,47.1,94.99,1,0
STU_1894,91.46,92.33,9.01,80.98,62.52,75.57,50.96,94.1,0,1
STU_1895,76.44,81.3,8.59,86.03,58.98,85.13,43.94,91.15,0,1
STU_1896,77.65,74.15,7.75,69.73,79.24,62.93,34.57,84.83,3,0
STU_1897,95.88,91.73,9.02,89.93,71.23,74.27,54.64,91.59,1,1
STU_1898,89.19,81.12,8.39,83.64,76.43,78.15,64.22,93.02,1,1
STU_1899,86.17,85.62,8.27,64.8,77.24,68.68,90.19,89.06,0,1
STU_1900,86.07,83.39,8.03,84.26,51.2,75.72,75.35,90.84,2,0
STU_1901,91.01,93.08,8.75,63.7,84.96,68.98,83.53,87.18,1,1
STU_1902,82.31,86.05,9.15,62.75,84.19,62.66,59.89,89.04,0,0
STU_1903,86.32,88.24,8.41,76.22,63.17,66.95,54.65,84.05,0,1
STU_1904,77.69,76.65,8.15,71.11,56.65,76.54,62.36,95.42,0,1
STU_1905,95.25,95.98,8.88,79.61,48.47,77.92,85.8,94.19,0,1
STU_1906,86.37,81.05,8.34,73.38,89.9,69.32,46.93,81.69,1,0
STU_1907,77.88,82.87,7.83,78.66,54.87,72.29,65.83,86.88,0,1
STU_1908,84.0,82.2,8.66,76.29,69.88,72.76,50.21,92.75,2,0
STU_1909,90.37,87.96,8.73,84.65,57.4,72.74,82.64,89.41,2,0
STU_1910,83.29,80.97,8.32,77.83,94.27,82.58,87.05,92.84,0,1
STU_1911,81.25,83.01,7.8,72.22,54.01,75.98,39.61,85.54,0,0
STU_1912,89.85,88.27,8.4,76.52,82.26,67.25,65.29,86.64,0,1
STU_1913,82.57,78.07,7.89,67.53,62.0,79.65,62.4,82.92,0,1
STU_1914,91.99,83.59,8.17,81.6,79.39,88.43,40.24,95.4,0,1
STU_1915,83.73,86.98,8.68,70.49,71.79,74.29,27.72,92.79,0,1
STU_1916,90.23,89.97,8.71,79.78,57.54,74.78,57.75,81.91,3,0
STU_1917,93.36,87.98,8.97,81.2,77.07,60.26,67.85,83.18,2,0
STU_1918,92.42,89.0,8.91,74.16,71.16,78.77,94.14,97.86,1,1
STU_1919,75.54,84.97,8.13,78.75,58.32,70.62,41.81,93.48,0,0
STU_1920,87.57,91.21,9.28,92.98,66.96,91.41,55.52,92.42,2,1
STU_1921,93.89,93.65,8.48,69.1,58.63,67.13,54.72,89.11,0,1
STU_1922,91.17,93.49,9.72,92.04,51.36,81.01,48.18,91.53,0,1
STU_1923,83.36,85.13,9.04,91.63,66.11,90.85,82.85,82.94,1,1
STU_1924,90.4,78.15,8.04,79.25,77.78,68.33,56.51,90.82,2,0
STU_1925,94.69,89.85,8.53,64.16,82.08,65.8,79.34,81.11,0,1
STU_1926,90.31,88.45,8.55,70.37,65.33,73.08,29.93,85.37,0,0
STU_1927,90.62,83.27,8.78,79.51,82.01,77.47,51.6,92.52,0,1
STU_1928,86.35,81.74,8.3,67.45,94.13,70.63,71.24,89.59,0,1
STU_1929,74.63,66.77,7.51,64.98,55.46,52.14,49.58,92.7,0,0
STU_1930,87.38,84.7,9.2,82.31,79.63,72.0,59.73,92.13,0,1
STU_1931,79.3,80.86,7.35,63.75,68.27,64.39,56.23,89.73,3,0
STU_1932,88.73,89.2,8.83,73.64,59.61,72.66,35.62,91.09,2,0
STU_1933,72.83,76.12,8.24,64.12,84.53,68.87,79.18,92.54,3,0
STU_1934,74.68,75.77,7.63,79.51,86.93,70.72,41.35,97.78,0,1
STU_1935,84.82,74.58,8.12,82.11,65.87,60.8,77.05,96.89,0,1
STU_1936,83.37,82.23,7.94,59.95,59.42,65.9,61.56,90.6,0,0
STU_1937,91.67,87.23,8.44,70.53,70.93,78.14,55.23,87.69,2,0
STU_1938,90.92,89.12,8.58,82.83,68.69,75.67,31.55,93.61,0,1
STU_1939,85.9,82.97,8.37,77.78,89.19,71.24,70.77,93.45,0,1
STU_1940,81.53,80.9,7.32,65.84,52.24,68.57,38.68,92.62,0,0
STU_1941,85.72,86.34,8.29,74.8,59.65,80.38,64.71,88.4,0,1
STU_1942,80.99,79.89,8.03,86.56,64.77,72.87,70.14,90.84,0,1
STU_1943,89.51,85.55,8.69,78.46,70.27,65.71,37.24,85.0,1,0
STU_1944,86.24,86.04,8.72,76.18,60.61,76.93,54.59,95.28,0,1
STU_1945,91.31,85.87,8.79,59.25,79.55,67.52,73.94,87.21,0,1
STU_1946,87.27,85.28,8.28,79.64,73.12,74.43,49.87,86.65,0,1
STU_1947,85.07,88.09,8.9,85.24,76.71,73.02,46.23,96.8,1,1
STU_1948,78.79,79.74,7.94,81.43,62.56,69.81,29.75,95.3,0,1
STU_1949,92.97,86.23,8.71,76.76,66.49,70.75,70.11,85.27,3,0
STU_1950,86.24,86.16,8.86,80.22,37.7,67.29,64.73,86.83,0,0
STU_1951,87.77,83.19,8.56,84.67,63.57,71.54,46.54,87.15,0,1
STU_1952,93.54,88.75,8.39,86.38,78.38,72.23,84.0,88.18,0,1
STU_1953,86.61,89.45,8.7,82.76,63.9,79.37,56.22,91.25,0,1
STU_1954,91.67,89.31,8.88,80.98,66.21,73.09,87.16,76.33,1,0
STU_1955,79.97,81.72,8.56,74.48,77.2,83.45,46.44,76.28,3,0
STU_1956,85.11,85.12,9.23,82.6,54.1,76.31,46.37,87.5,2,0
STU_1957,87.27,88.91,8.49,67.97,73.33,67.43,75.03,96.71,0,1
STU_1958,78.41,77.02,7.49,76.23,78.28,75.0,59.71,91.6,0,1
STU_1959,93.85,88.95,8.57,71.82,69.61,73.18,50.95,84.48,2,0
STU_1960,85.26,84.32,8.09,71.5,82.4,60.08,77.21,92.23,0,1
STU_1961,90.47,88.15,8.97,99.5,68.44,90.94,50.58,84.56,1,0
STU_1962,84.43,79.53,7.97,62.64,80.0,71.72,76.53,85.97,4,0
STU_1963,96.72,92.42,9.11,79.22,80.27,72.8,70.88,86.28,0,1
STU_1964,90.98,88.29,8.09,57.46,83.74,72.63,59.21,92.24,0,1
STU_1965,69.84,74.67,7.38,70.26,45.43,77.93,71.51,80.41,1,0
STU_1966,89.98,84.06,7.87,80.93,51.92,71.02,71.81,95.05,0,0
STU_1967,81.6,81.0,8.53,67.4,79.99,61.65,63.43,90.62,0,1
STU_1968,83.7,88.99,8.21,63.21,78.15,66.02,53.8,91.12,0,1
STU_1969,74.0,77.39,8.55,81.28,78.64,67.55,65.3,94.03,0,1
STU_1970,67.46,71.91,8.28,68.53,69.03,74.48,77.23,85.53,0,1
STU_1971,91.08,92.24,8.01,68.17,82.6,65.16,47.42,87.4,0,0
STU_1972,76.02,81.2,7.93,72.89,69.14,74.63,71.24,92.63,1,0
STU_1973,89.03,84.24,8.52,87.85,67.2,84.27,46.99,83.78,2,0
STU_1974,80.97,83.36,8.84,76.48,58.19,73.14,58.03,93.84,0,1
STU_1975,91.53,87.34,8.44,73.88,69.0,67.04,85.03,94.85,1,1
STU_1976,83.13,81.52,8.99,75.61,73.04,82.49,83.1,85.71,0,1
STU_1977,83.24,82.26,8.12,71.52,61.43,57.45,38.87,93.63,0,1
STU_1978,77.67,78.48,8.72,70.65,68.02,69.43,67.9,90.58,2,0
STU_1979,78.16,78.57,8.68,83.19,65.85,74.17,35.86,81.7,0,0
STU_1980,90.83,88.14,8.51,65.38,92.8,66.07,80.38,94.22,0,1
STU_1981,83.75,83.72,8.0,61.32,62.51,65.51,36.75,82.63,0,1
STU_1982,78.36,79.9,7.81,61.19,80.35,65.8,29.76,88.53,1,0
STU_1983,92.48,90.25,8.98,62.66,65.8,63.76,75.32,88.67,1,1
STU_1984,91.73,90.81,9.01,84.22,67.24,83.75,31.05,93.99,1,1
STU_1985,80.7,80.49,8.32,82.04,74.05,84.96,83.65,91.79,0,1
STU_1986,74.73,78.13,8.26,68.08,61.45,77.27,55.37,97.2,1,0
STU_1987,79.14,78.7,8.32,83.09,70.19,82.83,62.83,91.46,0,1
STU_1988,83.06,78.46,7.5,68.83,73.74,73.18,70.32,87.57,0,1
STU_1989,91.94,94.74,9.07,71.87,74.32,75.61,44.74,93.86,0,0
STU_1990,82.73,83.51,8.38,78.71,85.79,73.26,84.02,68.87,0,1
STU_1991,97.05,97.29,9.27,72.56,79.39,68.53,46.85,92.17,0,1
STU_1992,81.04,78.9,7.69,73.0,51.56,86.56,64.92,87.52,0,1
STU_1993,84.06,85.73,9.05,90.06,60.44,79.87,61.6,89.02,0,1
STU_1994,75.7,73.42,8.12,66.19,74.9,73.25,77.27,96.4,2,0
STU_1995,83.79,88.89,8.97,94.79,79.62,83.16,81.16,94.79,2,1
STU_1996,90.03,88.65,8.73,73.06,81.34,74.21,39.48,85.23,2,0
STU_1997,94.45,87.7,8.32,73.93,68.87,87.61,49.83,97.61,1,0
STU_1998,90.42,87.89,8.98,76.13,89.99,82.52,39.46,96.21,0,1
STU_1999,69.37,74.46,7.3,69.38,39.46,73.37,29.39,88.36,0,0
